metric,value
MAE,1.288113426620089
RMSE,1.9205730380836594
