metric,value
MAE,3.4741549407770136
RMSE,5.073417455328608
