year,actual_delta_unemployment,predicted_delta_unemployment
2020,1.4280000000000008,11.891456682859143
2021,-0.6180000000000003,-4.351563673201371
2022,-1.8810000000000002,-4.063236218174291
2023,-0.8539999999999992,-0.4599535490000284
2024,-0.7789999999999999,-1.3764716786502957
