year,actual_delta_unemployment,predicted_delta_unemployment
2020,1.7609999999999992,1.7197663006455062
2021,-0.5389999999999997,-0.4327559748367763
2022,-3.9269999999999996,0.034707695972599595
2023,-1.2839999999999998,-0.025525123117160264
2024,-1.146,-0.07309316427270907
