metric,value
MAE,0.6617957697328324
RMSE,0.8077706180521222
