year,actual_delta_unemployment,predicted_delta_unemployment
2020,1.9979999999999993,0.7019171265669922
2021,-0.6379999999999999,-0.49685510181796744
2022,-1.138,-0.0010163361973824503
2023,-0.5169999999999995,-0.14510340550654477
2024,0.20699999999999896,-0.15587081875305148
